holding_months,rebalance_date,ticker,trade_size,signal_prob_up,signal_median_return,buy_date,buy_price,sell_target,sell_date,sell_price,shares,invested,value,pnl,return_pct,open,spy_buy_price,spy_sell_price,spy_value,spy_pnl,spy_return_pct,excess_return,beat_spy
1,2025-10-01,GOOGL,175000.0,0.815,0.03962101200951773,2025-10-01,244.4218,2025-11-01,2025-11-03,283.166,0.409129,100.0,115.8514,15.8514,0.158514,False,664.6655,679.4711,102.2275,2.2275,0.022275,0.136238,True
1,2025-10-01,AAPL,175000.0,0.705,0.023013443195879946,2025-10-01,254.7294,2025-11-01,2025-11-03,268.291,0.392574,100.0,105.3239,5.3239,0.053239,False,664.6655,679.4711,102.2275,2.2275,0.022275,0.030964,True
1,2025-10-15,GOOGL,175000.0,0.764,0.033457967867530636,2025-10-15,250.5398,2025-11-15,2025-11-17,284.4634,0.399138,100.0,113.5402,13.5402,0.135402,False,661.404,661.9011,100.0752,0.0752,0.000752,0.13465,True
1,2025-10-15,AAPL,175000.0,0.662,0.01831919421285555,2025-10-15,248.6366,2025-11-15,2025-11-17,266.964,0.402193,100.0,107.3712,7.3712,0.073712,False,661.404,661.9011,100.0752,0.0752,0.000752,0.07296,True
1,2025-11-01,STX,32500.0,0.731,0.06257411444673466,2025-11-03,264.3939,2025-12-01,2025-12-01,268.9241,0.378224,100.0,101.7134,1.7134,0.017134,False,679.4711,676.4185,99.5507,-0.4493,-0.004493,0.021627,True
1,2025-11-01,GOOGL,32500.0,0.797,0.040357915046904225,2025-11-03,283.166,2025-12-01,2025-12-01,314.2751,0.35315,100.0,110.9862,10.9862,0.109862,False,679.4711,676.4185,99.5507,-0.4493,-0.004493,0.114355,True
1,2025-11-15,GOOGL,175000.0,0.752,0.03530523231062932,2025-11-17,284.4634,2025-12-15,2025-12-15,307.8193,0.351539,100.0,108.2105,8.2105,0.082105,False,661.9011,676.8759,102.2624,2.2624,0.022624,0.059481,True
1,2025-11-15,AAPL,375000.0,0.708,0.02166581366267195,2025-11-17,266.964,2025-12-15,2025-12-15,273.6017,0.374582,100.0,102.4864,2.4864,0.024864,False,661.9011,676.8759,102.2624,2.2624,0.022624,0.00224,True
1,2025-12-01,AAPL,32500.0,0.706,0.021073733096371505,2025-12-01,282.575,2026-01-01,2026-01-02,270.5074,0.353888,100.0,95.7294,-4.2706,-0.042706,False,676.4185,681.3093,100.723,0.723,0.00723,-0.049936,False
1,2025-12-01,CSCO,32500.0,0.667,0.016163207998135753,2025-12-01,75.2276,2026-01-01,2026-01-02,75.6302,1.329299,100.0,100.5351,0.5351,0.005351,False,676.4185,681.3093,100.723,0.723,0.00723,-0.001879,False
1,2025-12-15,JNJ,32500.0,0.849,0.0257925018263514,2025-12-15,211.8193,2026-01-15,2026-01-15,217.16,0.472101,100.0,102.5214,2.5214,0.025214,False,676.8759,690.3546,101.9913,1.9913,0.019913,0.0053,True
1,2025-12-15,COF,75000.0,0.567,0.007650550759454866,2025-12-15,237.8748,2026-01-15,2026-01-15,235.0578,0.420389,100.0,98.8157,-1.1843,-0.011843,False,676.8759,690.3546,101.9913,1.9913,0.019913,-0.031756,False
1,2026-01-01,GOOGL,175000.0,0.708,0.028974691663207652,2026-01-02,314.7403,2026-02-01,2026-02-02,343.2432,0.317722,100.0,109.056,9.056,0.09056,False,681.3093,693.516,101.7916,1.7916,0.017916,0.072644,True
1,2026-01-01,NVDA,8000.0,0.501,0.00026891810838791663,2026-01-02,188.6199,2026-02-01,2026-02-02,185.3839,0.530167,100.0,98.2843,-1.7157,-0.017157,False,681.3093,693.516,101.7916,1.7916,0.017916,-0.035073,False
1,2026-01-15,PRU,15000000.0,0.736,0.017773383395647713,2026-01-15,113.3272,2026-02-15,2026-02-17,101.8814,0.8824,100.0,89.9002,-10.0998,-0.100998,False,690.3546,680.9902,98.6435,-1.3565,-0.013565,-0.087433,False
1,2026-01-15,ACN,8000.0,0.641,0.01649994310430447,2026-01-15,285.3501,2026-02-15,2026-02-17,218.0409,0.350447,100.0,76.4117,-23.5883,-0.235883,False,690.3546,680.9902,98.6435,-1.3565,-0.013565,-0.222318,False
1,2026-02-01,GOOGL,750000.0,0.698,0.023655764099067778,2026-02-02,343.2432,2026-03-01,2026-03-02,306.1215,0.291339,100.0,89.185,-10.815,-0.10815,False,693.516,684.5106,98.7015,-1.2985,-0.012985,-0.095165,False
1,2026-02-01,T,32500.0,0.611,0.009840774341263403,2026-02-02,26.0276,2026-03-01,2026-03-02,27.7199,3.842077,100.0,106.5019,6.5019,0.065019,False,693.516,684.5106,98.7015,-1.2985,-0.012985,0.078004,True
1,2026-02-15,IFF,175000.0,0.719,0.028192771912982417,2026-02-17,82.2542,2026-03-15,2026-03-16,69.6785,1.215743,100.0,84.7111,-15.2889,-0.152889,False,680.9902,667.2079,97.9761,-2.0239,-0.020239,-0.13265,False
1,2026-02-15,ETN,75000.0,0.619,0.01644034161070862,2026-02-17,389.1975,2026-03-15,2026-03-16,360.045,0.256939,100.0,92.5096,-7.4904,-0.074904,False,680.9902,667.2079,97.9761,-2.0239,-0.020239,-0.054666,False
1,2026-03-01,MU,175000.0,0.703,0.06241040664267716,2026-03-02,412.4967,2026-04-01,2026-04-01,367.85,0.242426,100.0,89.1765,-10.8235,-0.108235,False,684.5106,655.24,95.7239,-4.2761,-0.042761,-0.065474,False
1,2026-03-01,LRCX,32500.0,0.682,0.04527807643948378,2026-03-02,230.7236,2026-04-01,2026-04-01,222.01,0.433419,100.0,96.2234,-3.7766,-0.037766,False,684.5106,655.24,95.7239,-4.2761,-0.042761,0.004995,True
1,2026-03-15,BK,75000.0,0.526,0.002373706105123885,2026-03-16,114.9238,2026-04-15,2026-04-15,131.4383,0.870142,100.0,114.3699,14.3699,0.143699,False,667.2079,699.94,104.9058,4.9058,0.049058,0.094641,True
1,2026-04-01,PFE,32500.0,0.655,0.015892193759035944,2026-04-01,28.0864,2026-05-01,2026-05-01,25.9024,3.560444,100.0,92.2242,-7.7758,-0.077758,False,655.24,720.65,109.9826,9.9826,0.099826,-0.177584,False
1,2026-05-01,GLW,32500.0,0.617,0.036218625793188464,2026-05-01,158.0178,2026-06-01,2026-06-01,176.7,0.63284,100.0,111.8228,11.8228,0.118228,False,720.65,758.54,105.2577,5.2577,0.052577,0.065651,True
1,2026-05-01,C,32500.0,0.576,0.010850752182865353,2026-05-01,126.84,2026-06-01,2026-06-01,129.09,0.788395,100.0,101.7739,1.7739,0.017739,False,720.65,758.54,105.2577,5.2577,0.052577,-0.034839,False
1,2026-05-15,AMD,32500.0,0.763,0.08809886640354714,2026-05-15,424.1,2026-06-15,2026-06-12,511.57,0.235793,100.0,120.6249,20.6249,0.206249,True,739.17,741.75,100.349,0.349,0.00349,0.202758,True
1,2026-05-15,KEYS,32500.0,0.666,0.04102265868910093,2026-05-15,349.01,2026-06-15,2026-06-12,350.67,0.286525,100.0,100.4756,0.4756,0.004756,True,739.17,741.75,100.349,0.349,0.00349,0.001266,True
1,2026-06-01,TXN,8000.0,0.716,0.049561145078502955,2026-06-01,293.2,2026-07-01,2026-06-12,301.12,0.341064,100.0,102.7012,2.7012,0.027012,True,758.54,741.75,97.7865,-2.2135,-0.022135,0.049147,True
1,2026-06-01,AAPL,8000.0,0.717,0.021055134333178405,2026-06-01,306.31,2026-07-01,2026-06-12,291.13,0.326467,100.0,95.0442,-4.9558,-0.049558,True,758.54,741.75,97.7865,-2.2135,-0.022135,-0.027423,False
2,2025-10-01,GOOGL,175000.0,0.815,0.03962101200951773,2025-10-01,244.4218,2025-12-01,2025-12-01,314.2751,0.409129,100.0,128.579,28.579,0.28579,False,664.6655,676.4185,101.7683,1.7683,0.017683,0.268108,True
2,2025-10-01,AAPL,175000.0,0.705,0.023013443195879946,2025-10-01,254.7294,2025-12-01,2025-12-01,282.575,0.392574,100.0,110.9315,10.9315,0.109315,False,664.6655,676.4185,101.7683,1.7683,0.017683,0.091632,True
2,2025-10-15,GOOGL,175000.0,0.764,0.033457967867530636,2025-10-15,250.5398,2025-12-15,2025-12-15,307.8193,0.399138,100.0,122.8624,22.8624,0.228624,False,661.404,676.8759,102.3392,2.3392,0.023392,0.205232,True
2,2025-10-15,AAPL,175000.0,0.662,0.01831919421285555,2025-10-15,248.6366,2025-12-15,2025-12-15,273.6017,0.402193,100.0,110.0408,10.0408,0.100408,False,661.404,676.8759,102.3392,2.3392,0.023392,0.077015,True
2,2025-11-01,STX,32500.0,0.731,0.06257411444673466,2025-11-03,264.3939,2026-01-01,2026-01-02,287.0393,0.378224,100.0,108.565,8.565,0.08565,False,679.4711,681.3093,100.2705,0.2705,0.002705,0.082945,True
2,2025-11-01,GOOGL,32500.0,0.797,0.040357915046904225,2025-11-03,283.166,2026-01-01,2026-01-02,314.7403,0.35315,100.0,111.1505,11.1505,0.111505,False,679.4711,681.3093,100.2705,0.2705,0.002705,0.108799,True
2,2025-11-15,GOOGL,175000.0,0.752,0.03530523231062932,2025-11-17,284.4634,2026-01-15,2026-01-15,332.3474,0.351539,100.0,116.8331,16.8331,0.168331,False,661.9011,690.3546,104.2988,4.2988,0.042988,0.125343,True
2,2025-11-15,AAPL,375000.0,0.708,0.02166581366267195,2025-11-17,266.964,2026-01-15,2026-01-15,257.7311,0.374582,100.0,96.5415,-3.4585,-0.034585,False,661.9011,690.3546,104.2988,4.2988,0.042988,-0.077572,False
2,2025-12-01,AAPL,32500.0,0.706,0.021073733096371505,2025-12-01,282.575,2026-02-01,2026-02-02,269.5093,0.353888,100.0,95.3762,-4.6238,-0.046238,False,676.4185,693.516,102.5276,2.5276,0.025276,-0.071514,False
2,2025-12-01,CSCO,32500.0,0.667,0.016163207998135753,2025-12-01,75.2276,2026-02-01,2026-02-02,80.2054,1.329299,100.0,106.6169,6.6169,0.066169,False,676.4185,693.516,102.5276,2.5276,0.025276,0.040893,True
2,2025-12-15,JNJ,32500.0,0.849,0.0257925018263514,2025-12-15,211.8193,2026-02-15,2026-02-17,240.6592,0.472101,100.0,113.6154,13.6154,0.136154,False,676.8759,680.9902,100.6078,0.6078,0.006078,0.130075,True
2,2025-12-15,COF,75000.0,0.567,0.007650550759454866,2025-12-15,237.8748,2026-02-15,2026-02-17,205.0717,0.420389,100.0,86.2099,-13.7901,-0.137901,False,676.8759,680.9902,100.6078,0.6078,0.006078,-0.143979,False
2,2026-01-01,GOOGL,175000.0,0.708,0.028974691663207652,2026-01-02,314.7403,2026-03-01,2026-03-02,306.1215,0.317722,100.0,97.2616,-2.7384,-0.027384,False,681.3093,684.5106,100.4699,0.4699,0.004699,-0.032083,False
2,2026-01-01,NVDA,8000.0,0.501,0.00026891810838791663,2026-01-02,188.6199,2026-03-01,2026-03-02,182.2577,0.530167,100.0,96.627,-3.373,-0.03373,False,681.3093,684.5106,100.4699,0.4699,0.004699,-0.038429,False
2,2026-01-15,PRU,15000000.0,0.736,0.017773383395647713,2026-01-15,113.3272,2026-03-15,2026-03-16,91.9666,0.8824,100.0,81.1513,-18.8487,-0.188487,False,690.3546,667.2079,96.6471,-3.3529,-0.033529,-0.154958,False
2,2026-01-15,ACN,8000.0,0.641,0.01649994310430447,2026-01-15,285.3501,2026-03-15,2026-03-16,197.634,0.350447,100.0,69.2602,-30.7398,-0.307398,False,690.3546,667.2079,96.6471,-3.3529,-0.033529,-0.273869,False
2,2026-02-01,GOOGL,750000.0,0.698,0.023655764099067778,2026-02-02,343.2432,2026-04-01,2026-04-01,297.2125,0.291339,100.0,86.5895,-13.4105,-0.134105,False,693.516,655.24,94.4809,-5.5191,-0.055191,-0.078914,False
2,2026-02-01,T,32500.0,0.611,0.009840774341263403,2026-02-02,26.0276,2026-04-01,2026-04-01,28.0168,3.842077,100.0,107.6426,7.6426,0.076426,False,693.516,655.24,94.4809,-5.5191,-0.055191,0.131617,True
2,2026-02-15,IFF,175000.0,0.719,0.028192771912982417,2026-02-17,82.2542,2026-04-15,2026-04-15,71.53,1.215743,100.0,86.9621,-13.0379,-0.130379,False,680.9902,699.94,102.7827,2.7827,0.027827,-0.158206,False
2,2026-02-15,ETN,75000.0,0.619,0.01644034161070862,2026-02-17,389.1975,2026-04-15,2026-04-15,393.9713,0.256939,100.0,101.2266,1.2266,0.012266,False,680.9902,699.94,102.7827,2.7827,0.027827,-0.015561,False
2,2026-03-01,MU,175000.0,0.703,0.06241040664267716,2026-03-02,412.4967,2026-05-01,2026-05-01,542.21,0.242426,100.0,131.4459,31.4459,0.314459,False,684.5106,720.65,105.2796,5.2796,0.052796,0.261663,True
2,2026-03-01,LRCX,32500.0,0.682,0.04527807643948378,2026-03-02,230.7236,2026-05-01,2026-05-01,256.72,0.433419,100.0,111.2673,11.2673,0.112673,False,684.5106,720.65,105.2796,5.2796,0.052796,0.059878,True
2,2026-03-15,BK,75000.0,0.526,0.002373706105123885,2026-03-16,114.9238,2026-05-15,2026-05-15,135.02,0.870142,100.0,117.4865,17.4865,0.174865,False,667.2079,739.17,110.7856,10.7856,0.107856,0.06701,True
2,2026-04-01,PFE,32500.0,0.655,0.015892193759035944,2026-04-01,28.0864,2026-06-01,2026-06-01,25.63,3.560444,100.0,91.2542,-8.7458,-0.087458,False,655.24,758.54,115.7652,15.7652,0.157652,-0.24511,False
2,2026-05-01,GLW,32500.0,0.617,0.036218625793188464,2026-05-01,158.0178,2026-07-01,2026-06-12,179.2,0.63284,100.0,113.4049,13.4049,0.134049,True,720.65,741.75,102.9279,2.9279,0.029279,0.10477,True
2,2026-05-01,C,32500.0,0.576,0.010850752182865353,2026-05-01,126.84,2026-07-01,2026-06-12,139.83,0.788395,100.0,110.2412,10.2412,0.102412,True,720.65,741.75,102.9279,2.9279,0.029279,0.073133,True
2,2026-05-15,AMD,32500.0,0.763,0.08809886640354714,2026-05-15,424.1,2026-07-15,2026-06-12,511.57,0.235793,100.0,120.6249,20.6249,0.206249,True,739.17,741.75,100.349,0.349,0.00349,0.202758,True
2,2026-05-15,KEYS,32500.0,0.666,0.04102265868910093,2026-05-15,349.01,2026-07-15,2026-06-12,350.67,0.286525,100.0,100.4756,0.4756,0.004756,True,739.17,741.75,100.349,0.349,0.00349,0.001266,True
2,2026-06-01,TXN,8000.0,0.716,0.049561145078502955,2026-06-01,293.2,2026-08-01,2026-06-12,301.12,0.341064,100.0,102.7012,2.7012,0.027012,True,758.54,741.75,97.7865,-2.2135,-0.022135,0.049147,True
2,2026-06-01,AAPL,8000.0,0.717,0.021055134333178405,2026-06-01,306.31,2026-08-01,2026-06-12,291.13,0.326467,100.0,95.0442,-4.9558,-0.049558,True,758.54,741.75,97.7865,-2.2135,-0.022135,-0.027423,False
3,2025-10-01,GOOGL,175000.0,0.815,0.03962101200951773,2025-10-01,244.4218,2026-01-01,2026-01-02,314.7403,0.409129,100.0,128.7694,28.7694,0.287694,False,664.6655,681.3093,102.5041,2.5041,0.025041,0.262653,True
3,2025-10-01,AAPL,175000.0,0.705,0.023013443195879946,2025-10-01,254.7294,2026-01-01,2026-01-02,270.5074,0.392574,100.0,106.194,6.194,0.06194,False,664.6655,681.3093,102.5041,2.5041,0.025041,0.0369,True
3,2025-10-15,GOOGL,175000.0,0.764,0.033457967867530636,2025-10-15,250.5398,2026-01-15,2026-01-15,332.3474,0.399138,100.0,132.6525,32.6525,0.326525,False,661.404,690.3546,104.3771,4.3771,0.043771,0.282754,True
3,2025-10-15,AAPL,175000.0,0.662,0.01831919421285555,2025-10-15,248.6366,2026-01-15,2026-01-15,257.7311,0.402193,100.0,103.6578,3.6578,0.036578,False,661.404,690.3546,104.3771,4.3771,0.043771,-0.007194,False
3,2025-11-01,STX,32500.0,0.731,0.06257411444673466,2025-11-03,264.3939,2026-02-01,2026-02-02,432.1961,0.378224,100.0,163.4667,63.4667,0.634667,False,679.4711,693.516,102.067,2.067,0.02067,0.613997,True
3,2025-11-01,GOOGL,32500.0,0.797,0.040357915046904225,2025-11-03,283.166,2026-02-01,2026-02-02,343.2432,0.35315,100.0,121.2163,21.2163,0.212163,False,679.4711,693.516,102.067,2.067,0.02067,0.191492,True
3,2025-11-15,GOOGL,175000.0,0.752,0.03530523231062932,2025-11-17,284.4634,2026-02-15,2026-02-17,301.6273,0.351539,100.0,106.0338,6.0338,0.060338,False,661.9011,680.9902,102.884,2.884,0.02884,0.031498,True
3,2025-11-15,AAPL,375000.0,0.708,0.02166581366267195,2025-11-17,266.964,2026-02-15,2026-02-17,263.6371,0.374582,100.0,98.7538,-1.2462,-0.012462,False,661.9011,680.9902,102.884,2.884,0.02884,-0.041302,False
3,2025-12-01,AAPL,32500.0,0.706,0.021073733096371505,2025-12-01,282.575,2026-03-01,2026-03-02,264.4763,0.353888,100.0,93.5951,-6.4049,-0.064049,False,676.4185,684.5106,101.1963,1.1963,0.011963,-0.076012,False
3,2025-12-01,CSCO,32500.0,0.667,0.016163207998135753,2025-12-01,75.2276,2026-03-01,2026-03-02,78.992,1.329299,100.0,105.0039,5.0039,0.050039,False,676.4185,684.5106,101.1963,1.1963,0.011963,0.038076,True
3,2025-12-15,JNJ,32500.0,0.849,0.0257925018263514,2025-12-15,211.8193,2026-03-15,2026-03-16,241.7994,0.472101,100.0,114.1536,14.1536,0.141536,False,676.8759,667.2079,98.5717,-1.4283,-0.014283,0.15582,True
3,2025-12-15,COF,75000.0,0.567,0.007650550759454866,2025-12-15,237.8748,2026-03-15,2026-03-16,179.9974,0.420389,100.0,75.6689,-24.3311,-0.243311,False,676.8759,667.2079,98.5717,-1.4283,-0.014283,-0.229027,False
3,2026-01-01,GOOGL,175000.0,0.708,0.028974691663207652,2026-01-02,314.7403,2026-04-01,2026-04-01,297.2125,0.317722,100.0,94.431,-5.569,-0.05569,False,681.3093,655.24,96.1736,-3.8264,-0.038264,-0.017426,False
3,2026-01-01,NVDA,8000.0,0.501,0.00026891810838791663,2026-01-02,188.6199,2026-04-01,2026-04-01,175.5454,0.530167,100.0,93.0683,-6.9317,-0.069317,False,681.3093,655.24,96.1736,-3.8264,-0.038264,-0.031053,False
3,2026-01-15,PRU,15000000.0,0.736,0.017773383395647713,2026-01-15,113.3272,2026-04-15,2026-04-15,98.0832,0.8824,100.0,86.5486,-13.4514,-0.134514,False,690.3546,699.94,101.3885,1.3885,0.013885,-0.148398,False
3,2026-01-15,ACN,8000.0,0.641,0.01649994310430447,2026-01-15,285.3501,2026-04-15,2026-04-15,194.0,0.350447,100.0,67.9867,-32.0133,-0.320133,False,690.3546,699.94,101.3885,1.3885,0.013885,-0.334018,False
3,2026-02-01,GOOGL,750000.0,0.698,0.023655764099067778,2026-02-02,343.2432,2026-05-01,2026-05-01,385.4598,0.291339,100.0,112.2993,12.2993,0.122993,False,693.516,720.65,103.9125,3.9125,0.039125,0.083868,True
3,2026-02-01,T,32500.0,0.611,0.009840774341263403,2026-02-02,26.0276,2026-05-01,2026-05-01,26.12,3.842077,100.0,100.355,0.355,0.00355,False,693.516,720.65,103.9125,3.9125,0.039125,-0.035575,False
3,2026-02-15,IFF,175000.0,0.719,0.028192771912982417,2026-02-17,82.2542,2026-05-15,2026-05-15,73.1,1.215743,100.0,88.8708,-11.1292,-0.111292,False,680.9902,739.17,108.5434,8.5434,0.085434,-0.196726,False
3,2026-02-15,ETN,75000.0,0.619,0.01644034161070862,2026-02-17,389.1975,2026-05-15,2026-05-15,399.44,0.256939,100.0,102.6317,2.6317,0.026317,False,680.9902,739.17,108.5434,8.5434,0.085434,-0.059117,False
3,2026-03-01,MU,175000.0,0.703,0.06241040664267716,2026-03-02,412.4967,2026-06-01,2026-06-01,1035.5,0.242426,100.0,251.0323,151.0323,1.510323,False,684.5106,758.54,110.8149,10.8149,0.108149,1.402174,True
3,2026-03-01,LRCX,32500.0,0.682,0.04527807643948378,2026-03-02,230.7236,2026-06-01,2026-06-01,317.12,0.433419,100.0,137.4459,37.4459,0.374459,False,684.5106,758.54,110.8149,10.8149,0.108149,0.266309,True
3,2026-03-15,BK,75000.0,0.526,0.002373706105123885,2026-03-16,114.9238,2026-06-15,2026-06-12,143.98,0.870142,100.0,125.283,25.283,0.25283,True,667.2079,741.75,111.1722,11.1722,0.111722,0.141107,True
3,2026-04-01,PFE,32500.0,0.655,0.015892193759035944,2026-04-01,28.0864,2026-07-01,2026-06-12,26.21,3.560444,100.0,93.3192,-6.6808,-0.066808,True,655.24,741.75,113.2028,13.2028,0.132028,-0.198836,False
3,2026-05-01,GLW,32500.0,0.617,0.036218625793188464,2026-05-01,158.0178,2026-08-01,2026-06-12,179.2,0.63284,100.0,113.4049,13.4049,0.134049,True,720.65,741.75,102.9279,2.9279,0.029279,0.10477,True
3,2026-05-01,C,32500.0,0.576,0.010850752182865353,2026-05-01,126.84,2026-08-01,2026-06-12,139.83,0.788395,100.0,110.2412,10.2412,0.102412,True,720.65,741.75,102.9279,2.9279,0.029279,0.073133,True
3,2026-05-15,AMD,32500.0,0.763,0.08809886640354714,2026-05-15,424.1,2026-08-15,2026-06-12,511.57,0.235793,100.0,120.6249,20.6249,0.206249,True,739.17,741.75,100.349,0.349,0.00349,0.202758,True
3,2026-05-15,KEYS,32500.0,0.666,0.04102265868910093,2026-05-15,349.01,2026-08-15,2026-06-12,350.67,0.286525,100.0,100.4756,0.4756,0.004756,True,739.17,741.75,100.349,0.349,0.00349,0.001266,True
3,2026-06-01,TXN,8000.0,0.716,0.049561145078502955,2026-06-01,293.2,2026-09-01,2026-06-12,301.12,0.341064,100.0,102.7012,2.7012,0.027012,True,758.54,741.75,97.7865,-2.2135,-0.022135,0.049147,True
3,2026-06-01,AAPL,8000.0,0.717,0.021055134333178405,2026-06-01,306.31,2026-09-01,2026-06-12,291.13,0.326467,100.0,95.0442,-4.9558,-0.049558,True,758.54,741.75,97.7865,-2.2135,-0.022135,-0.027423,False
6,2025-10-01,GOOGL,175000.0,0.815,0.03962101200951773,2025-10-01,244.4218,2026-04-01,2026-04-01,297.2125,0.409129,100.0,121.5982,21.5982,0.215982,False,664.6655,655.24,98.5819,-1.4181,-0.014181,0.230163,True
6,2025-10-01,AAPL,175000.0,0.705,0.023013443195879946,2025-10-01,254.7294,2026-04-01,2026-04-01,255.3947,0.392574,100.0,100.2612,0.2612,0.002612,False,664.6655,655.24,98.5819,-1.4181,-0.014181,0.016793,True
6,2025-10-15,GOOGL,175000.0,0.764,0.033457967867530636,2025-10-15,250.5398,2026-04-15,2026-04-15,336.9188,0.399138,100.0,134.4772,34.4772,0.344772,False,661.404,699.94,105.8264,5.8264,0.058264,0.286508,True
6,2025-10-15,AAPL,175000.0,0.662,0.01831919421285555,2025-10-15,248.6366,2026-04-15,2026-04-15,266.1848,0.402193,100.0,107.0578,7.0578,0.070578,False,661.404,699.94,105.8264,5.8264,0.058264,0.012314,True
6,2025-11-01,STX,32500.0,0.731,0.06257411444673466,2025-11-03,264.3939,2026-05-01,2026-05-01,726.93,0.378224,100.0,274.942,174.942,1.74942,False,679.4711,720.65,106.0604,6.0604,0.060604,1.688816,True
6,2025-11-01,GOOGL,32500.0,0.797,0.040357915046904225,2025-11-03,283.166,2026-05-01,2026-05-01,385.4598,0.35315,100.0,136.125,36.125,0.36125,False,679.4711,720.65,106.0604,6.0604,0.060604,0.300646,True
6,2025-11-15,GOOGL,175000.0,0.752,0.03530523231062932,2025-11-17,284.4634,2026-05-15,2026-05-15,396.5432,0.351539,100.0,139.4004,39.4004,0.394004,False,661.9011,739.17,111.6738,11.6738,0.116738,0.277266,True
6,2025-11-15,AAPL,375000.0,0.708,0.02166581366267195,2025-11-17,266.964,2026-05-15,2026-05-15,300.23,0.374582,100.0,112.4609,12.4609,0.124609,False,661.9011,739.17,111.6738,11.6738,0.116738,0.007871,True
6,2025-12-01,AAPL,32500.0,0.706,0.021073733096371505,2025-12-01,282.575,2026-06-01,2026-06-01,306.31,0.353888,100.0,108.3995,8.3995,0.083995,False,676.4185,758.54,112.1406,12.1406,0.121406,-0.037411,False
6,2025-12-01,CSCO,32500.0,0.667,0.016163207998135753,2025-12-01,75.2276,2026-06-01,2026-06-01,121.33,1.329299,100.0,161.2838,61.2838,0.612838,False,676.4185,758.54,112.1406,12.1406,0.121406,0.491432,True
6,2025-12-15,JNJ,32500.0,0.849,0.0257925018263514,2025-12-15,211.8193,2026-06-15,2026-06-12,240.87,0.472101,100.0,113.7149,13.7149,0.137149,True,676.8759,741.75,109.5843,9.5843,0.095843,0.041305,True
6,2025-12-15,COF,75000.0,0.567,0.007650550759454866,2025-12-15,237.8748,2026-06-15,2026-06-12,184.73,0.420389,100.0,77.6585,-22.3415,-0.223415,True,676.8759,741.75,109.5843,9.5843,0.095843,-0.319259,False
6,2026-01-01,GOOGL,175000.0,0.708,0.028974691663207652,2026-01-02,314.7403,2026-07-01,2026-06-12,359.68,0.317722,100.0,114.2783,14.2783,0.142783,True,681.3093,741.75,108.8713,8.8713,0.088713,0.054071,True
6,2026-01-01,NVDA,8000.0,0.501,0.00026891810838791663,2026-01-02,188.6199,2026-07-01,2026-06-12,205.19,0.530167,100.0,108.7849,8.7849,0.087849,True,681.3093,741.75,108.8713,8.8713,0.088713,-0.000864,False
6,2026-01-15,PRU,15000000.0,0.736,0.017773383395647713,2026-01-15,113.3272,2026-07-15,2026-06-12,108.5,0.8824,100.0,95.7404,-4.2596,-0.042596,True,690.3546,741.75,107.4448,7.4448,0.074448,-0.117043,False
6,2026-01-15,ACN,8000.0,0.641,0.01649994310430447,2026-01-15,285.3501,2026-07-15,2026-06-12,170.28,0.350447,100.0,59.6741,-40.3259,-0.403259,True,690.3546,741.75,107.4448,7.4448,0.074448,-0.477707,False
6,2026-02-01,GOOGL,750000.0,0.698,0.023655764099067778,2026-02-02,343.2432,2026-08-01,2026-06-12,359.68,0.291339,100.0,104.7887,4.7887,0.047887,True,693.516,741.75,106.955,6.955,0.06955,-0.021663,False
6,2026-02-01,T,32500.0,0.611,0.009840774341263403,2026-02-02,26.0276,2026-08-01,2026-06-12,23.58,3.842077,100.0,90.5962,-9.4038,-0.094038,True,693.516,741.75,106.955,6.955,0.06955,-0.163588,False
6,2026-02-15,IFF,175000.0,0.719,0.028192771912982417,2026-02-17,82.2542,2026-08-15,2026-06-12,78.27,1.215743,100.0,95.1562,-4.8438,-0.048438,True,680.9902,741.75,108.9223,8.9223,0.089223,-0.137661,False
6,2026-02-15,ETN,75000.0,0.619,0.01644034161070862,2026-02-17,389.1975,2026-08-15,2026-06-12,391.39,0.256939,100.0,100.5633,0.5633,0.005633,True,680.9902,741.75,108.9223,8.9223,0.089223,-0.083589,False
6,2026-03-01,MU,175000.0,0.703,0.06241040664267716,2026-03-02,412.4967,2026-09-01,2026-06-12,981.61,0.242426,100.0,237.9679,137.9679,1.379679,True,684.5106,741.75,108.3621,8.3621,0.083621,1.296059,True
6,2026-03-01,LRCX,32500.0,0.682,0.04527807643948378,2026-03-02,230.7236,2026-09-01,2026-06-12,366.81,0.433419,100.0,158.9825,58.9825,0.589825,True,684.5106,741.75,108.3621,8.3621,0.083621,0.506204,True
6,2026-03-15,BK,75000.0,0.526,0.002373706105123885,2026-03-16,114.9238,2026-09-15,2026-06-12,143.98,0.870142,100.0,125.283,25.283,0.25283,True,667.2079,741.75,111.1722,11.1722,0.111722,0.141107,True
6,2026-04-01,PFE,32500.0,0.655,0.015892193759035944,2026-04-01,28.0864,2026-10-01,2026-06-12,26.21,3.560444,100.0,93.3192,-6.6808,-0.066808,True,655.24,741.75,113.2028,13.2028,0.132028,-0.198836,False
6,2026-05-01,GLW,32500.0,0.617,0.036218625793188464,2026-05-01,158.0178,2026-11-01,2026-06-12,179.2,0.63284,100.0,113.4049,13.4049,0.134049,True,720.65,741.75,102.9279,2.9279,0.029279,0.10477,True
6,2026-05-01,C,32500.0,0.576,0.010850752182865353,2026-05-01,126.84,2026-11-01,2026-06-12,139.83,0.788395,100.0,110.2412,10.2412,0.102412,True,720.65,741.75,102.9279,2.9279,0.029279,0.073133,True
6,2026-05-15,AMD,32500.0,0.763,0.08809886640354714,2026-05-15,424.1,2026-11-15,2026-06-12,511.57,0.235793,100.0,120.6249,20.6249,0.206249,True,739.17,741.75,100.349,0.349,0.00349,0.202758,True
6,2026-05-15,KEYS,32500.0,0.666,0.04102265868910093,2026-05-15,349.01,2026-11-15,2026-06-12,350.67,0.286525,100.0,100.4756,0.4756,0.004756,True,739.17,741.75,100.349,0.349,0.00349,0.001266,True
6,2026-06-01,TXN,8000.0,0.716,0.049561145078502955,2026-06-01,293.2,2026-12-01,2026-06-12,301.12,0.341064,100.0,102.7012,2.7012,0.027012,True,758.54,741.75,97.7865,-2.2135,-0.022135,0.049147,True
6,2026-06-01,AAPL,8000.0,0.717,0.021055134333178405,2026-06-01,306.31,2026-12-01,2026-06-12,291.13,0.326467,100.0,95.0442,-4.9558,-0.049558,True,758.54,741.75,97.7865,-2.2135,-0.022135,-0.027423,False
